Parent Ticker,NSE CODE,NSE Ticker,BSE Ticker,Common Ticker,CurrentMonth,CurrentMonth_BBG,CurrentMonth_LotSize,NextMonth,NextMonth_BBG,NextMonth_LotSize,FarMonth,FarMonth_BBG,FarMonth_LotSize
360ONE,360ONE,360ONE IS Equity,360ONE IB Equity,360ONE IN Equity,27/01/2026,360ON=F6 IS,500,24/02/2026,360ON=G6 IS,500,31/03/2026,360ON=H6 IS,500
ABB,ABB,ABB IS Equity,ABB IB Equity,ABB IN Equity,27/01/2026,ABB=F6 IS,125,24/02/2026,ABB=G6 IS,125,31/03/2026,ABB=H6 IS,125
ABCAP,ABCAP,ABCAP IS Equity,ABCAP IB Equity,ABCAP IN Equity,27/01/2026,ABCAP=F6 IS,3100,24/02/2026,ABCAP=G6 IS,3100,31/03/2026,ABCAP=H6 IS,3100
ADANIENS,ADANIENS,ADANIENS IS Equity,ADANIENS IB Equity,ADANIENS IN Equity,27/01/2026,ADANE=F6 IS,675,24/02/2026,ADANE=G6 IS,675,31/03/2026,ADANE=H6 IS,675
ADE,ADE,ADE IS Equity,ADE IB Equity,ADE IN Equity,27/01/2026,ADE=F6 IS,309,24/02/2026,ADE=G6 IS,309,31/03/2026,ADE=H6 IS,309
ADANIGR,ADANIGR,ADANIGR IS Equity,ADANIGR IB Equity,ADANIGR IN Equity,27/01/2026,ADANG=F6 IS,600,24/02/2026,ADANG=G6 IS,600,31/03/2026,ADANG=H6 IS,600
ADSEZ,ADSEZ,ADSEZ IS Equity,ADSEZ IB Equity,ADSEZ IN Equity,27/01/2026,ADSEZ=F6 IS,475,24/02/2026,ADSEZ=G6 IS,475,31/03/2026,ADSEZ=H6 IS,475
ALKEM,ALKEM,ALKEM IS Equity,ALKEM IB Equity,ALKEM IN Equity,27/01/2026,ALKEM=F6 IS,125,24/02/2026,ALKEM=G6 IS,125,31/03/2026,ALKEM=H6 IS,125
AMBER,AMBER,AMBER IS Equity,AMBER IB Equity,AMBER IN Equity,27/01/2026,AMBER=F6 IS,100,24/02/2026,AMBER=G6 IS,100,31/03/2026,AMBER=H6 IS,100
ACEM,ACEM,ACEM IS Equity,ACEM IB Equity,ACEM IN Equity,27/01/2026,ACEM=F6 IS,1050,24/02/2026,ACEM=G6 IS,1050,31/03/2026,ACEM=H6 IS,1050
ANGELONE,ANGELONE,ANGELONE IS Equity,ANGELONE IB Equity,ANGELONE IN Equity,27/01/2026,ANGEL=F6 IS,250,24/02/2026,ANGEL=G6 IS,250,31/03/2026,ANGEL=H6 IS,250
APAT,APAT,APAT IS Equity,APAT IB Equity,APAT IN Equity,27/01/2026,APAT=F6 IS,350,24/02/2026,APAT=G6 IS,350,31/03/2026,APAT=H6 IS,350
APHS,APHS,APHS IS Equity,APHS IB Equity,APHS IN Equity,27/01/2026,APHS=F6 IS,125,24/02/2026,APHS=G6 IS,125,31/03/2026,APHS=H6 IS,125
AL,AL,AL IS Equity,AL IB Equity,AL IN Equity,27/01/2026,AL=F6 IS,5000,24/02/2026,AL=G6 IS,5000,31/03/2026,AL=H6 IS,5000
APNT,APNT,APNT IS Equity,APNT IB Equity,APNT IN Equity,27/01/2026,APNT=F6 IS,250,24/02/2026,APNT=G6 IS,250,31/03/2026,APNT=H6 IS,250
ASTRA,ASTRA,ASTRA IS Equity,ASTRA IB Equity,ASTRA IN Equity,27/01/2026,ASTRA=F6 IS,425,24/02/2026,ASTRA=G6 IS,425,31/03/2026,ASTRA=H6 IS,425
AUBANK,AUBANK,AUBANK IS Equity,AUBANK IB Equity,AUBANK IN Equity,27/01/2026,AUBAN=F6 IS,1000,24/02/2026,AUBAN=G6 IS,1000,31/03/2026,AUBAN=H6 IS,1000
ARBP,ARBP,ARBP IS Equity,ARBP IB Equity,ARBP IN Equity,27/01/2026,ARBP=F6 IS,550,24/02/2026,ARBP=G6 IS,550,31/03/2026,ARBP=H6 IS,550
AXSB,AXSB,AXSB IS Equity,AXSB IB Equity,AXSB IN Equity,27/01/2026,AXSB=F6 IS,625,24/02/2026,AXSB=G6 IS,625,31/03/2026,AXSB=H6 IS,625
BJAUT,BJAUT,BJAUT IS Equity,BJAUT IB Equity,BJAUT IN Equity,27/01/2026,BJAUT=F6 IS,75,24/02/2026,BJAUT=G6 IS,75,31/03/2026,BJAUT=H6 IS,75
BJFIN,BJFIN,BJFIN IS Equity,BJFIN IB Equity,BJFIN IN Equity,27/01/2026,BJFIN=F6 IS,250,24/02/2026,BJFIN=G6 IS,250,31/03/2026,BJFIN=H6 IS,250
BJHI,BJHI,BJHI IS Equity,BJHI IB Equity,BJHI IN Equity,27/01/2026,BJHI=F6 IS,50,24/02/2026,BJHI=G6 IS,50,31/03/2026,BJHI=H6 IS,50
BAF,BAF,BAF IS Equity,BAF IB Equity,BAF IN Equity,27/01/2026,BAF=F6 IS,750,24/02/2026,BAF=G6 IS,750,31/03/2026,BAF=H6 IS,750
BANDHAN,BANDHAN,BANDHAN IS Equity,BANDHAN IB Equity,BANDHAN IN Equity,27/01/2026,BANDH=F6 IS,3600,24/02/2026,BANDH=G6 IS,3600,31/03/2026,BANDH=H6 IS,3600
BOB,BOB,BOB IS Equity,BOB IB Equity,BOB IN Equity,27/01/2026,BOB=F6 IS,2925,24/02/2026,BOB=G6 IS,2925,31/03/2026,BOB=H6 IS,2925
BOI,BOI,BOI IS Equity,BOI IB Equity,BOI IN Equity,27/01/2026,BOI=F6 IS,5200,24/02/2026,BOI=G6 IS,5200,31/03/2026,BOI=H6 IS,5200
BDL,BDL,BDL IS Equity,BDL IB Equity,BDL IN Equity,27/01/2026,BDL=F6 IS,350,24/02/2026,BDL=G6 IS,350,31/03/2026,BDL=H6 IS,350
BHE,BHE,BHE IS Equity,BHE IB Equity,BHE IN Equity,27/01/2026,BHE=F6 IS,1425,24/02/2026,BHE=G6 IS,1425,31/03/2026,BHE=H6 IS,1425
BHFC,BHFC,BHFC IS Equity,BHFC IB Equity,BHFC IN Equity,27/01/2026,BHFC=F6 IS,500,24/02/2026,BHFC=G6 IS,500,31/03/2026,BHFC=H6 IS,500
BHARTI,BHARTI,BHARTI IS Equity,BHARTI IB Equity,BHARTI IN Equity,27/01/2026,BHART=F6 IS,475,24/02/2026,BHART=G6 IS,475,31/03/2026,BHART=H6 IS,475
BHEL,BHEL,BHEL IS Equity,BHEL IB Equity,BHEL IN Equity,27/01/2026,BHEL=F6 IS,2625,24/02/2026,BHEL=G6 IS,2625,31/03/2026,BHEL=H6 IS,2625
BIOS,BIOS,BIOS IS Equity,BIOS IB Equity,BIOS IN Equity,27/01/2026,BIOS=F6 IS,2500,24/02/2026,BIOS=G6 IS,2500,31/03/2026,BIOS=H6 IS,2500
BLSTR,BLSTR,BLSTR IS Equity,BLSTR IB Equity,BLSTR IN Equity,27/01/2026,BLSTR=F6 IS,325,24/02/2026,BLSTR=G6 IS,325,31/03/2026,BLSTR=H6 IS,325
BOS,BOS,BOS IS Equity,BOS IB Equity,BOS IN Equity,27/01/2026,BOS=F6 IS,25,24/02/2026,BOS=G6 IS,25,31/03/2026,BOS=H6 IS,25
BPCL,BPCL,BPCL IS Equity,BPCL IB Equity,BPCL IN Equity,27/01/2026,BPCL=F6 IS,1975,24/02/2026,BPCL=G6 IS,1975,31/03/2026,BPCL=H6 IS,1975
BRIT,BRIT,BRIT IS Equity,BRIT IB Equity,BRIT IN Equity,27/01/2026,BRIT=F6 IS,125,24/02/2026,BRIT=G6 IS,125,31/03/2026,BRIT=H6 IS,125
BSE,BSE,BSE IS Equity,BSE IB Equity,BSE IN Equity,27/01/2026,BSE=F6 IS,375,24/02/2026,BSE=G6 IS,375,31/03/2026,BSE=H6 IS,375
CAMS,CAMS,CAMS IS Equity,CAMS IB Equity,CAMS IN Equity,27/01/2026,CAMS=F6 IS,750,24/02/2026,CAMS=G6 IS,750,31/03/2026,CAMS=H6 IS,750
CBK,CBK,CBK IS Equity,CBK IB Equity,CBK IN Equity,27/01/2026,CBK=F6 IS,6750,24/02/2026,CBK=G6 IS,6750,31/03/2026,CBK=H6 IS,6750
CDSL,CDSL,CDSL IS Equity,CDSL IB Equity,CDSL IN Equity,27/01/2026,CDSL=F6 IS,475,24/02/2026,CDSL=G6 IS,475,31/03/2026,CDSL=H6 IS,475
CGPOWER,CGPOWER,CGPOWER IS Equity,CGPOWER IB Equity,CGPOWER IN Equity,27/01/2026,CGPOW=F6 IS,850,24/02/2026,CGPOW=G6 IS,850,31/03/2026,CGPOW=H6 IS,850
CIFC,CIFC,CIFC IS Equity,CIFC IB Equity,CIFC IN Equity,27/01/2026,CIFC=F6 IS,625,24/02/2026,CIFC=G6 IS,625,31/03/2026,CIFC=H6 IS,625
CIPLA,CIPLA,CIPLA IS Equity,CIPLA IB Equity,CIPLA IN Equity,27/01/2026,CIPLA=F6 IS,375,24/02/2026,CIPLA=G6 IS,375,31/03/2026,CIPLA=H6 IS,375
COAL,COAL,COAL IS Equity,COAL IB Equity,COAL IN Equity,27/01/2026,COAL=F6 IS,1350,24/02/2026,COAL=G6 IS,1350,31/03/2026,COAL=H6 IS,1350
COFORGE,COFORGE,COFORGE IS Equity,COFORGE IB Equity,COFORGE IN Equity,27/01/2026,COFOR=F6 IS,375,24/02/2026,COFOR=G6 IS,375,31/03/2026,COFOR=H6 IS,375
CLGT,CLGT,CLGT IS Equity,CLGT IB Equity,CLGT IN Equity,27/01/2026,CLGT=F6 IS,225,24/02/2026,CLGT=G6 IS,225,31/03/2026,CLGT=H6 IS,225
CCRI,CCRI,CCRI IS Equity,CCRI IB Equity,CCRI IN Equity,27/01/2026,CCRI=F6 IS,1250,24/02/2026,CCRI=G6 IS,1250,31/03/2026,CCRI=H6 IS,1250
CROMPTON,CROMPTON,CROMPTON IS Equity,CROMPTON IB Equity,CROMPTON IN Equity,27/01/2026,CROMP=F6 IS,1800,24/02/2026,CROMP=G6 IS,1800,31/03/2026,CROMP=H6 IS,1800
KKC,KKC,KKC IS Equity,KKC IB Equity,KKC IN Equity,27/01/2026,KKC=F6 IS,200,24/02/2026,KKC=G6 IS,200,31/03/2026,KKC=H6 IS,200
DABUR,DABUR,DABUR IS Equity,DABUR IB Equity,DABUR IN Equity,27/01/2026,DABUR=F6 IS,1250,24/02/2026,DABUR=G6 IS,1250,31/03/2026,DABUR=H6 IS,1250
DALBHARA,DALBHARA,DALBHARA IS Equity,DALBHARA IB Equity,DALBHARA IN Equity,27/01/2026,DALBH=F6 IS,325,24/02/2026,DALBH=G6 IS,325,31/03/2026,DALBH=H6 IS,325
DELHIVER,DELHIVER,DELHIVER IS Equity,DELHIVER IB Equity,DELHIVER IN Equity,27/01/2026,DELHV=F6 IS,2075,24/02/2026,DELHV=G6 IS,2075,31/03/2026,DELHV=H6 IS,2075
DIVI,DIVI,DIVI IS Equity,DIVI IB Equity,DIVI IN Equity,27/01/2026,DIVI=F6 IS,100,24/02/2026,DIVI=G6 IS,100,31/03/2026,DIVI=H6 IS,100
DIXON,DIXON,DIXON IS Equity,DIXON IB Equity,DIXON IN Equity,27/01/2026,DIXON=F6 IS,50,24/02/2026,DIXON=G6 IS,50,31/03/2026,DIXON=H6 IS,50
DLFU,DLFU,DLFU IS Equity,DLFU IB Equity,DLFU IN Equity,27/01/2026,DLFU=F6 IS,825,24/02/2026,DLFU=G6 IS,825,31/03/2026,DLFU=H6 IS,825
DMART,DMART,DMART IS Equity,DMART IB Equity,DMART IN Equity,27/01/2026,DMART=F6 IS,150,24/02/2026,DMART=G6 IS,150,31/03/2026,DMART=H6 IS,150
DRRD,DRRD,DRRD IS Equity,DRRD IB Equity,DRRD IN Equity,27/01/2026,DRRD=F6 IS,625,24/02/2026,DRRD=G6 IS,625,31/03/2026,DRRD=H6 IS,625
EIM,EIM,EIM IS Equity,EIM IB Equity,EIM IN Equity,27/01/2026,EIM=F6 IS,100,24/02/2026,EIM=G6 IS,100,31/03/2026,EIM=H6 IS,100
ETERNAL,ETERNAL,ETERNAL IS Equity,ETERNAL IB Equity,ETERNAL IN Equity,27/01/2026,ETERN=F6 IS,2425,24/02/2026,ETERN=G6 IS,2425,31/03/2026,ETERN=H6 IS,2425
EXID,EXID,EXID IS Equity,EXID IB Equity,EXID IN Equity,27/01/2026,EXID=F6 IS,1800,24/02/2026,EXID=G6 IS,1800,31/03/2026,EXID=H6 IS,1800
FB,FB,FB IS Equity,FB IB Equity,FB IN Equity,27/01/2026,FB=F6 IS,5000,24/02/2026,FB=G6 IS,5000,31/03/2026,FB=H6 IS,5000
FORH,FORH,FORH IS Equity,FORH IB Equity,FORH IN Equity,27/01/2026,FORH=F6 IS,775,24/02/2026,FORH=G6 IS,775,31/03/2026,FORH=H6 IS,775
GAIL,GAIL,GAIL IS Equity,GAIL IB Equity,GAIL IN Equity,27/01/2026,GAIL=F6 IS,3150,24/02/2026,GAIL=G6 IS,3150,31/03/2026,GAIL=H6 IS,3150
GNP,GNP,GNP IS Equity,GNP IB Equity,GNP IN Equity,27/01/2026,GNP=F6 IS,375,24/02/2026,GNP=G6 IS,375,31/03/2026,GNP=H6 IS,375
GMRAIRPO,GMRAIRPO,GMRAIRPO IS Equity,GMRAIRPO IB Equity,GMRAIRPO IN Equity,27/01/2026,GMRAI=F6 IS,6975,24/02/2026,GMRAI=G6 IS,6975,31/03/2026,GMRAI=H6 IS,6975
GCPL,GCPL,GCPL IS Equity,GCPL IB Equity,GCPL IN Equity,27/01/2026,GCPL=F6 IS,500,24/02/2026,GCPL=G6 IS,500,31/03/2026,GCPL=H6 IS,500
GPL,GPL,GPL IS Equity,GPL IB Equity,GPL IN Equity,27/01/2026,GPL=F6 IS,275,24/02/2026,GPL=G6 IS,275,31/03/2026,GPL=H6 IS,275
GRASIM,GRASIM,GRASIM IS Equity,GRASIM IB Equity,GRASIM IN Equity,27/01/2026,GRASI=F6 IS,250,24/02/2026,GRASI=G6 IS,250,31/03/2026,GRASI=H6 IS,250
HNAL,HNAL,HNAL IS Equity,HNAL IB Equity,HNAL IN Equity,27/01/2026,HNAL=F6 IS,150,24/02/2026,HNAL=G6 IS,150,31/03/2026,HNAL=H6 IS,150
HAVL,HAVL,HAVL IS Equity,HAVL IB Equity,HAVL IN Equity,27/01/2026,HAVL=F6 IS,500,24/02/2026,HAVL=G6 IS,500,31/03/2026,HAVL=H6 IS,500
HCLT,HCLT,HCLT IS Equity,HCLT IB Equity,HCLT IN Equity,27/01/2026,HCLT=F6 IS,350,24/02/2026,HCLT=G6 IS,350,31/03/2026,HCLT=H6 IS,350
HDFCAMC,HDFCAMC,HDFCAMC IS Equity,HDFCAMC IB Equity,HDFCAMC IN Equity,27/01/2026,HAMC=F6 IS,300,24/02/2026,HAMC=G6 IS,300,31/03/2026,HAMC=H6 IS,300
HDFCB,HDFCB,HDFCB IS Equity,HDFCB IB Equity,HDFCB IN Equity,27/01/2026,HDFCB=F6 IS,550,24/02/2026,HDFCB=G6 IS,550,31/03/2026,HDFCB=H6 IS,550
HDFCLIFE,HDFCLIFE,HDFCLIFE IS Equity,HDFCLIFE IB Equity,HDFCLIFE IN Equity,27/01/2026,HDFCL=F6 IS,1100,24/02/2026,HDFCL=G6 IS,1100,31/03/2026,HDFCL=H6 IS,1100
HMCL,HMCL,HMCL IS Equity,HMCL IB Equity,HMCL IN Equity,27/01/2026,HMCL=F6 IS,150,24/02/2026,HMCL=G6 IS,150,31/03/2026,HMCL=H6 IS,150
HNDL,HNDL,HNDL IS Equity,HNDL IB Equity,HNDL IN Equity,27/01/2026,HNDL=F6 IS,700,24/02/2026,HNDL=G6 IS,700,31/03/2026,HNDL=H6 IS,700
HPCL,HPCL,HPCL IS Equity,HPCL IB Equity,HPCL IN Equity,27/01/2026,HPCL=F6 IS,2025,24/02/2026,HPCL=G6 IS,2025,31/03/2026,HPCL=H6 IS,2025
HUVR,HUVR,HUVR IS Equity,HUVR IB Equity,HUVR IN Equity,27/01/2026,HUVR=F6 IS,300,24/02/2026,HUVR=G6 IS,300,31/03/2026,HUVR=H6 IS,300
HZ,HZ,HZ IS Equity,HZ IB Equity,HZ IN Equity,27/01/2026,HZ=F6 IS,1225,24/02/2026,HZ=G6 IS,1225,31/03/2026,HZ=H6 IS,1225
HUDCO,HUDCO,HUDCO IS Equity,HUDCO IB Equity,HUDCO IN Equity,27/01/2026,HUDCO=F6 IS,2775,24/02/2026,HUDCO=G6 IS,2775,31/03/2026,HUDCO=H6 IS,2775
ICICIBC,ICICIBC,ICICIBC IS Equity,ICICIBC IB Equity,ICICIBC IN Equity,27/01/2026,ICICI=F6 IS,700,24/02/2026,ICICI=G6 IS,700,31/03/2026,ICICI=H6 IS,700
ICICIGI,ICICIGI,ICICIGI IS Equity,ICICIGI IB Equity,ICICIGI IN Equity,27/01/2026,ICICG=F6 IS,325,24/02/2026,ICICG=G6 IS,325,31/03/2026,ICICG=H6 IS,325
IPRU,IPRU,IPRU IS Equity,IPRU IB Equity,IPRU IN Equity,27/01/2026,IPRU=F6 IS,925,24/02/2026,IPRU=G6 IS,925,31/03/2026,IPRU=H6 IS,925
IDEA,IDEA,IDEA IS Equity,IDEA IB Equity,IDEA IN Equity,27/01/2026,IDEA=F6 IS,71475,24/02/2026,IDEA=G6 IS,71475,31/03/2026,IDEA=H6 IS,71475
IDFCFB,IDFCFB,IDFCFB IS Equity,IDFCFB IB Equity,IDFCFB IN Equity,27/01/2026,IDFCF=F6 IS,9275,24/02/2026,IDFCF=G6 IS,9275,31/03/2026,IDFCF=H6 IS,9275
IEX,IEX,IEX IS Equity,IEX IB Equity,IEX IN Equity,27/01/2026,IEX=F6 IS,3750,24/02/2026,IEX=G6 IS,3750,31/03/2026,IEX=H6 IS,3750
IIFL,IIFL,IIFL IS Equity,IIFL IB Equity,IIFL IN Equity,27/01/2026,IIFL=F6 IS,1650,24/02/2026,IIFL=G6 IS,#N/A Invalid Security,31/03/2026,IIFL=H6 IS,#N/A Invalid Security
IH,IH,IH IS Equity,IH IB Equity,IH IN Equity,27/01/2026,IH=F6 IS,1000,24/02/2026,IH=G6 IS,1000,31/03/2026,IH=H6 IS,1000
INBK,INBK,INBK IS Equity,INBK IB Equity,INBK IN Equity,27/01/2026,INBK=F6 IS,1000,24/02/2026,INBK=G6 IS,1000,31/03/2026,INBK=H6 IS,1000
INDIGO,INDIGO,INDIGO IS Equity,INDIGO IB Equity,INDIGO IN Equity,27/01/2026,INDIG=F6 IS,150,24/02/2026,INDIG=G6 IS,150,31/03/2026,INDIG=H6 IS,150
IIB,IIB,IIB IS Equity,IIB IB Equity,IIB IN Equity,27/01/2026,IIB=F6 IS,700,24/02/2026,IIB=G6 IS,700,31/03/2026,IIB=H6 IS,700
INDUSTOW,INDUSTOW,INDUSTOW IS Equity,INDUSTOW IB Equity,INDUSTOW IN Equity,27/01/2026,INDUS=F6 IS,1700,24/02/2026,INDUS=G6 IS,1700,31/03/2026,INDUS=H6 IS,1700
INFO,INFO,INFO IS Equity,INFO IB Equity,INFO IN Equity,27/01/2026,INFO=F6 IS,400,24/02/2026,INFO=G6 IS,400,31/03/2026,INFO=H6 IS,400
INXW,INXW,INXW IS Equity,INXW IB Equity,INXW IN Equity,27/01/2026,INXW=F6 IS,3575,24/02/2026,INXW=G6 IS,3575,31/03/2026,INXW=H6 IS,3575
IOCL,IOCL,IOCL IS Equity,IOCL IB Equity,IOCL IN Equity,27/01/2026,IOCL=F6 IS,4875,24/02/2026,IOCL=G6 IS,4875,31/03/2026,IOCL=H6 IS,4875
IRCTC,IRCTC,IRCTC IS Equity,IRCTC IB Equity,IRCTC IN Equity,27/01/2026,IRCTC=F6 IS,875,24/02/2026,IRCTC=G6 IS,875,31/03/2026,IRCTC=H6 IS,#N/A Invalid Security
IREDA,IREDA,IREDA IS Equity,IREDA IB Equity,IREDA IN Equity,27/01/2026,IREDA=F6 IS,3450,24/02/2026,IREDA=G6 IS,3450,31/03/2026,IREDA=H6 IS,3450
IRFC,IRFC,IRFC IS Equity,IRFC IB Equity,IRFC IN Equity,27/01/2026,IRFC=F6 IS,4250,24/02/2026,IRFC=G6 IS,4250,31/03/2026,IRFC=H6 IS,4250
ITC,ITC,ITC IS Equity,ITC IB Equity,ITC IN Equity,27/01/2026,ITC=F6 IS,1600,24/02/2026,ITC=G6 IS,1600,31/03/2026,ITC=H6 IS,1600
JINDALST,JINDALST,JINDALST IS Equity,JINDALST IB Equity,JINDALST IN Equity,27/01/2026,JSP=F6 IS,#N/A Invalid Security,24/02/2026,JSP=G6 IS,#N/A Invalid Security,31/03/2026,JSP=H6 IS,#N/A Invalid Security
JIOFIN,JIOFIN,JIOFIN IS Equity,JIOFIN IB Equity,JIOFIN IN Equity,27/01/2026,JIOFI=F6 IS,2350,24/02/2026,JIOFI=G6 IS,2350,31/03/2026,JIOFI=H6 IS,2350
JSW,JSW,JSW IS Equity,JSW IB Equity,JSW IN Equity,27/01/2026,JSW=F6 IS,1000,24/02/2026,JSW=G6 IS,1000,31/03/2026,JSW=H6 IS,1000
JSTL,JSTL,JSTL IS Equity,JSTL IB Equity,JSTL IN Equity,27/01/2026,JSTL=F6 IS,675,24/02/2026,JSTL=G6 IS,675,31/03/2026,JSTL=H6 IS,675
JUBI,JUBI,JUBI IS Equity,JUBI IB Equity,JUBI IN Equity,27/01/2026,JUBI=F6 IS,1250,24/02/2026,JUBI=G6 IS,1250,31/03/2026,JUBI=H6 IS,1250
KALYANKJ,KALYANKJ,KALYANKJ IS Equity,KALYANKJ IB Equity,KALYANKJ IN Equity,27/01/2026,KALYA=F6 IS,1175,24/02/2026,KALYA=G6 IS,1175,31/03/2026,KALYA=H6 IS,1175
KAYNES,KAYNES,KAYNES IS Equity,KAYNES IB Equity,KAYNES IN Equity,27/01/2026,KAYNE=F6 IS,100,24/02/2026,KAYNE=G6 IS,100,31/03/2026,KAYNE=H6 IS,100
KEII,KEII,KEII IS Equity,KEII IB Equity,KEII IN Equity,27/01/2026,KEII=F6 IS,175,24/02/2026,KEII=G6 IS,175,31/03/2026,KEII=H6 IS,175
KFINTECH,KFINTECH,KFINTECH IS Equity,KFINTECH IB Equity,KFINTECH IN Equity,27/01/2026,KFINT=F6 IS,500,24/02/2026,KFINT=G6 IS,500,31/03/2026,KFINT=H6 IS,500
KMB,KMB,KMB IS Equity,KMB IB Equity,KMB IN Equity,27/01/2026,KMB=F6 IS,400,24/02/2026,KMB=G6 IS,400,31/03/2026,KMB=H6 IS,400
KPITTECH,KPITTECH,KPITTECH IS Equity,KPITTECH IB Equity,KPITTECH IN Equity,27/01/2026,KPITT=F6 IS,425,24/02/2026,KPITT=G6 IS,425,31/03/2026,KPITT=H6 IS,425
LAURUS,LAURUS,LAURUS IS Equity,LAURUS IB Equity,LAURUS IN Equity,27/01/2026,LAURU=F6 IS,850,24/02/2026,LAURU=G6 IS,850,31/03/2026,LAURU=H6 IS,850
LICHF,LICHF,LICHF IS Equity,LICHF IB Equity,LICHF IN Equity,27/01/2026,LICHF=F6 IS,1000,24/02/2026,LICHF=G6 IS,1000,31/03/2026,LICHF=H6 IS,1000
LICI,LICI,LICI IS Equity,LICI IB Equity,LICI IN Equity,27/01/2026,LICI=F6 IS,700,24/02/2026,LICI=G6 IS,700,31/03/2026,LICI=H6 IS,700
LODHA,LODHA,LODHA IS Equity,LODHA IB Equity,LODHA IN Equity,27/01/2026,LODHA=F6 IS,450,24/02/2026,LODHA=G6 IS,450,31/03/2026,LODHA=H6 IS,450
LT,LT,LT IS Equity,LT IB Equity,LT IN Equity,27/01/2026,LT=F6 IS,175,24/02/2026,LT=G6 IS,175,31/03/2026,LT=H6 IS,175
LTF,LTF,LTF IS Equity,LTF IB Equity,LTF IN Equity,27/01/2026,LTF=F6 IS,2250,24/02/2026,LTF=G6 IS,2250,31/03/2026,LTF=H6 IS,2250
LTIM,LTIM,LTIM IS Equity,LTIM IB Equity,LTIM IN Equity,27/01/2026,LTIM=F6 IS,150,24/02/2026,LTIM=G6 IS,150,31/03/2026,LTIM=H6 IS,150
LPC,LPC,LPC IS Equity,LPC IB Equity,LPC IN Equity,27/01/2026,LPC=F6 IS,425,24/02/2026,LPC=G6 IS,425,31/03/2026,LPC=H6 IS,425
MM,MM,MM IS Equity,MM IB Equity,MM IN Equity,27/01/2026,MM=F6 IS,200,24/02/2026,MM=G6 IS,200,31/03/2026,MM=H6 IS,200
MGFL,MGFL,MGFL IS Equity,MGFL IB Equity,MGFL IN Equity,27/01/2026,MGFL=F6 IS,3000,24/02/2026,MGFL=G6 IS,3000,31/03/2026,MGFL=H6 IS,3000
MANKIND,MANKIND,MANKIND IS Equity,MANKIND IB Equity,MANKIND IN Equity,27/01/2026,MANKI=F6 IS,225,24/02/2026,MANKI=G6 IS,225,31/03/2026,MANKI=H6 IS,225
MRCO,MRCO,MRCO IS Equity,MRCO IB Equity,MRCO IN Equity,27/01/2026,MRCO=F6 IS,1200,24/02/2026,MRCO=G6 IS,1200,31/03/2026,MRCO=H6 IS,1200
MSIL,MSIL,MSIL IS Equity,MSIL IB Equity,MSIL IN Equity,27/01/2026,MSIL=F6 IS,50,24/02/2026,MSIL=G6 IS,50,31/03/2026,MSIL=H6 IS,50
MAXHEALT,MAXHEALT,MAXHEALT IS Equity,MAXHEALT IB Equity,MAXHEALT IN Equity,27/01/2026,MAXHE=F6 IS,525,24/02/2026,MAXHE=G6 IS,525,31/03/2026,MAXHE=H6 IS,525
MAZDOCKS,MAZDOCKS,MAZDOCKS IS Equity,MAZDOCKS IB Equity,MAZDOCKS IN Equity,27/01/2026,MAZDO=F6 IS,200,24/02/2026,MAZDO=G6 IS,200,31/03/2026,MAZDO=H6 IS,200
MCX,MCX,MCX IS Equity,MCX IB Equity,MCX IN Equity,27/01/2026,MCX=F6 IS,625,24/02/2026,MCX=G6 IS,625,31/03/2026,MCX=H6 IS,625
MAXF,MAXF,MAXF IS Equity,MAXF IB Equity,MAXF IN Equity,27/01/2026,MAXF=F6 IS,400,24/02/2026,MAXF=G6 IS,400,31/03/2026,MAXF=H6 IS,400
MOTHERSO,MOTHERSO,MOTHERSO IS Equity,MOTHERSO IB Equity,MOTHERSO IN Equity,27/01/2026,MOTHE=F6 IS,6150,24/02/2026,MOTHE=G6 IS,6150,31/03/2026,MOTHE=H6 IS,6150
MPHL,MPHL,MPHL IS Equity,MPHL IB Equity,MPHL IN Equity,27/01/2026,MPHL=F6 IS,275,24/02/2026,MPHL=G6 IS,275,31/03/2026,MPHL=H6 IS,275
MUTH,MUTH,MUTH IS Equity,MUTH IB Equity,MUTH IN Equity,27/01/2026,MUTH=F6 IS,275,24/02/2026,MUTH=G6 IS,275,31/03/2026,MUTH=H6 IS,275
NACL,NACL,NACL IS Equity,NACL IB Equity,NACL IN Equity,27/01/2026,NACL=F6 IS,3750,24/02/2026,NACL=G6 IS,3750,31/03/2026,NACL=H6 IS,3750
INFOE,INFOE,INFOE IS Equity,INFOE IB Equity,INFOE IN Equity,27/01/2026,INFOE=F6 IS,375,24/02/2026,INFOE=G6 IS,375,31/03/2026,INFOE=H6 IS,375
NBCC,NBCC,NBCC IS Equity,NBCC IB Equity,NBCC IN Equity,27/01/2026,NBCC=F6 IS,6500,24/02/2026,NBCC=G6 IS,6500,31/03/2026,NBCC=H6 IS,6500
NEST,NEST,NEST IS Equity,NEST IB Equity,NEST IN Equity,27/01/2026,NEST=F6 IS,500,24/02/2026,NEST=G6 IS,500,31/03/2026,NEST=H6 IS,500
NHPC,NHPC,NHPC IS Equity,NHPC IB Equity,NHPC IN Equity,27/01/2026,NHPC=F6 IS,6400,24/02/2026,NHPC=G6 IS,6400,31/03/2026,NHPC=H6 IS,6400
NMDC,NMDC,NMDC IS Equity,NMDC IB Equity,NMDC IN Equity,27/01/2026,NMDC=F6 IS,6750,24/02/2026,NMDC=G6 IS,6750,31/03/2026,NMDC=H6 IS,6750
NTPC,NTPC,NTPC IS Equity,NTPC IB Equity,NTPC IN Equity,27/01/2026,NTPC=F6 IS,1500,24/02/2026,NTPC=G6 IS,1500,31/03/2026,NTPC=H6 IS,1500
NUVAMA,NUVAMA,NUVAMA IS Equity,NUVAMA IB Equity,NUVAMA IN Equity,27/01/2026,NUVAM=F6 IS,500,24/02/2026,NUVAM=G6 IS,500,31/03/2026,NUVAM=H6 IS,500
NYKAA,NYKAA,NYKAA IS Equity,NYKAA IB Equity,NYKAA IN Equity,27/01/2026,NYKAA=F6 IS,3125,24/02/2026,NYKAA=G6 IS,3125,31/03/2026,NYKAA=H6 IS,3125
OBER,OBER,OBER IS Equity,OBER IB Equity,OBER IN Equity,27/01/2026,OBER=F6 IS,350,24/02/2026,OBER=G6 IS,350,31/03/2026,OBER=H6 IS,350
OFSS,OFSS,OFSS IS Equity,OFSS IB Equity,OFSS IN Equity,27/01/2026,OFSS=F6 IS,75,24/02/2026,OFSS=G6 IS,75,31/03/2026,OFSS=H6 IS,75
OINL,OINL,OINL IS Equity,OINL IB Equity,OINL IN Equity,27/01/2026,OINL=F6 IS,1400,24/02/2026,OINL=G6 IS,1400,31/03/2026,OINL=H6 IS,1400
ONGC,ONGC,ONGC IS Equity,ONGC IB Equity,ONGC IN Equity,27/01/2026,ONGC=F6 IS,2250,24/02/2026,ONGC=G6 IS,2250,31/03/2026,ONGC=H6 IS,2250
PAG,PAG,PAG IS Equity,PAG IB Equity,PAG IN Equity,27/01/2026,PAG=F6 IS,15,24/02/2026,PAG=G6 IS,15,31/03/2026,PAG=H6 IS,15
PATANJAL,PATANJAL,PATANJAL IS Equity,PATANJAL IB Equity,PATANJAL IN Equity,27/01/2026,PATAN=F6 IS,900,24/02/2026,PATAN=G6 IS,900,31/03/2026,PATAN=H6 IS,900
PAYTM,PAYTM,PAYTM IS Equity,PAYTM IB Equity,PAYTM IN Equity,27/01/2026,PAYTM=F6 IS,725,24/02/2026,PAYTM=G6 IS,725,31/03/2026,PAYTM=H6 IS,725
PSYS,PSYS,PSYS IS Equity,PSYS IB Equity,PSYS IN Equity,27/01/2026,PSYS=F6 IS,100,24/02/2026,PSYS=G6 IS,100,31/03/2026,PSYS=H6 IS,100
PLNG,PLNG,PLNG IS Equity,PLNG IB Equity,PLNG IN Equity,27/01/2026,PLNG=F6 IS,1900,24/02/2026,PLNG=G6 IS,1900,31/03/2026,PLNG=H6 IS,1900
POWF,POWF,POWF IS Equity,POWF IB Equity,POWF IN Equity,27/01/2026,POWF=F6 IS,1300,24/02/2026,POWF=G6 IS,1300,31/03/2026,POWF=H6 IS,1300
PGEL,PGEL,PGEL IS Equity,PGEL IB Equity,PGEL IN Equity,27/01/2026,PGEL=F6 IS,950,24/02/2026,PGEL=G6 IS,950,31/03/2026,PGEL=H6 IS,950
PHNX,PHNX,PHNX IS Equity,PHNX IB Equity,PHNX IN Equity,27/01/2026,PHNX=F6 IS,350,24/02/2026,PHNX=G6 IS,350,31/03/2026,PHNX=H6 IS,350
PIDI,PIDI,PIDI IS Equity,PIDI IB Equity,PIDI IN Equity,27/01/2026,PIDI=F6 IS,500,24/02/2026,PIDI=G6 IS,500,31/03/2026,PIDI=H6 IS,500
PI,PI,PI IS Equity,PI IB Equity,PI IN Equity,27/01/2026,PI=F6 IS,175,24/02/2026,PI=G6 IS,175,31/03/2026,PI=H6 IS,175
PNB,PNB,PNB IS Equity,PNB IB Equity,PNB IN Equity,27/01/2026,PNB=F6 IS,8000,24/02/2026,PNB=G6 IS,8000,31/03/2026,PNB=H6 IS,8000
PNBHOUSI,PNBHOUSI,PNBHOUSI IS Equity,PNBHOUSI IB Equity,PNBHOUSI IN Equity,27/01/2026,PNBHO=F6 IS,650,24/02/2026,PNBHO=G6 IS,650,31/03/2026,PNBHO=H6 IS,650
POLICYBZ,POLICYBZ,POLICYBZ IS Equity,POLICYBZ IB Equity,POLICYBZ IN Equity,27/01/2026,POLIC=F6 IS,350,24/02/2026,POLIC=G6 IS,350,31/03/2026,POLIC=H6 IS,350
POLYCAB,POLYCAB,POLYCAB IS Equity,POLYCAB IB Equity,POLYCAB IN Equity,27/01/2026,POLYC=F6 IS,125,24/02/2026,POLYC=G6 IS,125,31/03/2026,POLYC=H6 IS,125
PWGR,PWGR,PWGR IS Equity,PWGR IB Equity,PWGR IN Equity,27/01/2026,PWGR=F6 IS,1900,24/02/2026,PWGR=G6 IS,1900,31/03/2026,PWGR=H6 IS,1900
POWERIND,POWERIND,POWERIND IS Equity,POWERIND IB Equity,POWERIND IN Equity,27/01/2026,POWIN=F6 IS,50,24/02/2026,POWIN=G6 IS,50,31/03/2026,POWIN=H6 IS,50
PIRPHARM,PIRPHARM,PIRPHARM IS Equity,PIRPHARM IB Equity,PIRPHARM IN Equity,27/01/2026,PIRPH=F6 IS,2625,24/02/2026,PIRPH=G6 IS,2625,31/03/2026,PIRPH=H6 IS,2625
PREMIERE,PREMIERE,PREMIERE IS Equity,PREMIERE IB Equity,PREMIERE IN Equity,27/01/2026,PREMI=F6 IS,575,24/02/2026,PREMI=G6 IS,575,31/03/2026,PREMI=H6 IS,575
PEPL,PEPL,PEPL IS Equity,PEPL IB Equity,PEPL IN Equity,27/01/2026,PEPL=F6 IS,450,24/02/2026,PEPL=G6 IS,450,31/03/2026,PEPL=H6 IS,450
RBK,RBK,RBK IS Equity,RBK IB Equity,RBK IN Equity,27/01/2026,RBK=F6 IS,3175,24/02/2026,RBK=G6 IS,3175,31/03/2026,RBK=H6 IS,3175
RECL,RECL,RECL IS Equity,RECL IB Equity,RECL IN Equity,27/01/2026,RECL=F6 IS,1400,24/02/2026,RECL=G6 IS,1400,31/03/2026,RECL=H6 IS,1400
RELIANCE,RELIANCE,RELIANCE IS Equity,RELIANCE IB Equity,RELIANCE IN Equity,27/01/2026,RIL=F6 IS,500,24/02/2026,RIL=G6 IS,500,31/03/2026,RIL=H6 IS,500
RVNL,RVNL,RVNL IS Equity,RVNL IB Equity,RVNL IN Equity,27/01/2026,RVNL=F6 IS,1525,24/02/2026,RVNL=G6 IS,1525,31/03/2026,RVNL=H6 IS,1525
SAIL,SAIL,SAIL IS Equity,SAIL IB Equity,SAIL IN Equity,27/01/2026,SAIL=F6 IS,4700,24/02/2026,SAIL=G6 IS,4700,31/03/2026,SAIL=H6 IS,4700
SAMMAANC,SAMMAANC,SAMMAANC IS Equity,SAMMAANC IB Equity,SAMMAANC IN Equity,27/01/2026,SAMMA=F6 IS,4300,24/02/2026,SAMMA=G6 IS,4300,31/03/2026,SAMMA=H6 IS,4300
SBICARD,SBICARD,SBICARD IS Equity,SBICARD IB Equity,SBICARD IN Equity,27/01/2026,SBICA=F6 IS,800,24/02/2026,SBICA=G6 IS,800,31/03/2026,SBICA=H6 IS,800
SBILIFE,SBILIFE,SBILIFE IS Equity,SBILIFE IB Equity,SBILIFE IN Equity,27/01/2026,SBILI=F6 IS,375,24/02/2026,SBILI=G6 IS,375,31/03/2026,SBILI=H6 IS,375
SBIN,SBIN,SBIN IS Equity,SBIN IB Equity,SBIN IN Equity,27/01/2026,SBIN=F6 IS,750,24/02/2026,SBIN=G6 IS,750,31/03/2026,SBIN=H6 IS,750
SRCM,SRCM,SRCM IS Equity,SRCM IB Equity,SRCM IN Equity,27/01/2026,SRCM=F6 IS,25,24/02/2026,SRCM=G6 IS,25,31/03/2026,SRCM=H6 IS,25
SHFL,SHFL,SHFL IS Equity,SHFL IB Equity,SHFL IN Equity,27/01/2026,SHFL=F6 IS,825,24/02/2026,SHFL=G6 IS,825,31/03/2026,SHFL=H6 IS,825
SIEM,SIEM,SIEM IS Equity,SIEM IB Equity,SIEM IN Equity,27/01/2026,SIEM=F6 IS,175,24/02/2026,SIEM=G6 IS,175,31/03/2026,SIEM=H6 IS,175
SOIL,SOIL,SOIL IS Equity,SOIL IB Equity,SOIL IN Equity,27/01/2026,SOIL=F6 IS,50,24/02/2026,SOIL=G6 IS,50,31/03/2026,SOIL=H6 IS,50
SONACOMS,SONACOMS,SONACOMS IS Equity,SONACOMS IB Equity,SONACOMS IN Equity,27/01/2026,SONAC=F6 IS,1225,24/02/2026,SONAC=G6 IS,1225,31/03/2026,SONAC=H6 IS,1225
SRF,SRF,SRF IS Equity,SRF IB Equity,SRF IN Equity,27/01/2026,SRF=F6 IS,200,24/02/2026,SRF=G6 IS,200,31/03/2026,SRF=H6 IS,200
SUNP,SUNP,SUNP IS Equity,SUNP IB Equity,SUNP IN Equity,27/01/2026,SUNP=F6 IS,350,24/02/2026,SUNP=G6 IS,350,31/03/2026,SUNP=H6 IS,350
SI,SI,SI IS Equity,SI IB Equity,SI IN Equity,27/01/2026,SI=F6 IS,175,24/02/2026,SI=G6 IS,175,31/03/2026,SI=H6 IS,175
SUEL,SUEL,SUEL IS Equity,SUEL IB Equity,SUEL IN Equity,27/01/2026,SUEL=F6 IS,9025,24/02/2026,SUEL=G6 IS,9025,31/03/2026,SUEL=H6 IS,9025
SWIGGY,SWIGGY,SWIGGY IS Equity,SWIGGY IB Equity,SWIGGY IN Equity,27/01/2026,SWIGG=F6 IS,1300,24/02/2026,SWIGG=G6 IS,1300,31/03/2026,SWIGG=H6 IS,1300
SYNG,SYNG,SYNG IS Equity,SYNG IB Equity,SYNG IN Equity,27/01/2026,SYNG=F6 IS,1000,24/02/2026,SYNG=G6 IS,1000,31/03/2026,SYNG=H6 IS,1000
TATACONS,TATACONS,TATACONS IS Equity,TATACONS IB Equity,TATACONS IN Equity,27/01/2026,TATAC=F6 IS,550,24/02/2026,TATAC=G6 IS,550,31/03/2026,TATAC=H6 IS,550
TELX,TELX,TELX IS Equity,TELX IB Equity,TELX IN Equity,27/01/2026,TELX=F6 IS,100,24/02/2026,TELX=G6 IS,100,31/03/2026,TELX=H6 IS,100
TPWR,TPWR,TPWR IS Equity,TPWR IB Equity,TPWR IN Equity,27/01/2026,TPWR=F6 IS,1450,24/02/2026,TPWR=G6 IS,1450,31/03/2026,TPWR=H6 IS,1450
TATA,TATA,TATA IS Equity,TATA IB Equity,TATA IN Equity,27/01/2026,TATA=F6 IS,5500,24/02/2026,TATA=G6 IS,5500,31/03/2026,TATA=H6 IS,5500
TATATECH,TATATECH,TATATECH IS Equity,TATATECH IB Equity,TATATECH IN Equity,27/01/2026,TATAT=F6 IS,800,24/02/2026,TATAT=G6 IS,800,31/03/2026,TATAT=H6 IS,800
TCS,TCS,TCS IS Equity,TCS IB Equity,TCS IN Equity,27/01/2026,TCS=F6 IS,175,24/02/2026,TCS=G6 IS,175,31/03/2026,TCS=H6 IS,175
TECHM,TECHM,TECHM IS Equity,TECHM IB Equity,TECHM IN Equity,27/01/2026,TECHM=F6 IS,600,24/02/2026,TECHM=G6 IS,600,31/03/2026,TECHM=H6 IS,600
TIINDIA,TIINDIA,TIINDIA IS Equity,TIINDIA IB Equity,TIINDIA IN Equity,27/01/2026,TIIND=F6 IS,200,24/02/2026,TIIND=G6 IS,200,31/03/2026,TIIND=H6 IS,200
TTAN,TTAN,TTAN IS Equity,TTAN IB Equity,TTAN IN Equity,27/01/2026,TTAN=F6 IS,175,24/02/2026,TTAN=G6 IS,175,31/03/2026,TTAN=H6 IS,175
TMPV,TMPV,TMPV IS Equity,TMPV IB Equity,TMPV IN Equity,27/01/2026,TMPV=F6 IS,800,24/02/2026,TMPV=G6 IS,800,31/03/2026,TMPV=H6 IS,800
TRP,TRP,TRP IS Equity,TRP IB Equity,TRP IN Equity,27/01/2026,TRP=F6 IS,250,24/02/2026,TRP=G6 IS,250,31/03/2026,TRP=H6 IS,250
TPW,TPW,TPW IS Equity,TPW IB Equity,TPW IN Equity,27/01/2026,TPW=F6 IS,425,24/02/2026,TPW=G6 IS,425,31/03/2026,TPW=H6 IS,425
TRENT,TRENT,TRENT IS Equity,TRENT IB Equity,TRENT IN Equity,27/01/2026,TRENT=F6 IS,100,24/02/2026,TRENT=G6 IS,100,31/03/2026,TRENT=H6 IS,100
TVSL,TVSL,TVSL IS Equity,TVSL IB Equity,TVSL IN Equity,27/01/2026,TVSL=F6 IS,175,24/02/2026,TVSL=G6 IS,175,31/03/2026,TVSL=H6 IS,175
UTCEM,UTCEM,UTCEM IS Equity,UTCEM IB Equity,UTCEM IN Equity,27/01/2026,UTCEM=F6 IS,50,24/02/2026,UTCEM=G6 IS,50,31/03/2026,UTCEM=H6 IS,50
UNBK,UNBK,UNBK IS Equity,UNBK IB Equity,UNBK IN Equity,27/01/2026,UNBK=F6 IS,4425,24/02/2026,UNBK=G6 IS,4425,31/03/2026,UNBK=H6 IS,4425
UNITDSPR,UNITDSPR,UNITDSPR IS Equity,UNITDSPR IB Equity,UNITDSPR IN Equity,27/01/2026,UNITD=F6 IS,400,24/02/2026,UNITD=G6 IS,400,31/03/2026,UNITD=H6 IS,400
UNOMINDA,UNOMINDA,UNOMINDA IS Equity,UNOMINDA IB Equity,UNOMINDA IN Equity,27/01/2026,UNOMI=F6 IS,550,24/02/2026,UNOMI=G6 IS,550,31/03/2026,UNOMI=H6 IS,550
UPLL,UPLL,UPLL IS Equity,UPLL IB Equity,UPLL IN Equity,27/01/2026,UPLL=F6 IS,1355,24/02/2026,UPLL=G6 IS,1355,31/03/2026,UPLL=H6 IS,1355
VBL,VBL,VBL IS Equity,VBL IB Equity,VBL IN Equity,27/01/2026,VBL=F6 IS,1125,24/02/2026,VBL=G6 IS,1125,31/03/2026,VBL=H6 IS,1125
VEDL,VEDL,VEDL IS Equity,VEDL IB Equity,VEDL IN Equity,27/01/2026,VEDL=F6 IS,1150,24/02/2026,VEDL=G6 IS,1150,31/03/2026,VEDL=H6 IS,1150
VOLT,VOLT,VOLT IS Equity,VOLT IB Equity,VOLT IN Equity,27/01/2026,VOLT=F6 IS,375,24/02/2026,VOLT=G6 IS,375,31/03/2026,VOLT=H6 IS,375
WAAREEEN,WAAREEEN,WAAREEEN IS Equity,WAAREEEN IB Equity,WAAREEEN IN Equity,27/01/2026,WAARE=F6 IS,175,24/02/2026,WAARE=G6 IS,175,31/03/2026,WAARE=H6 IS,175
WPRO,WPRO,WPRO IS Equity,WPRO IB Equity,WPRO IN Equity,27/01/2026,WPRO=F6 IS,3000,24/02/2026,WPRO=G6 IS,3000,31/03/2026,WPRO=H6 IS,3000
YES,YES,YES IS Equity,YES IB Equity,YES IN Equity,27/01/2026,YES=F6 IS,31100,24/02/2026,YES=G6 IS,31100,31/03/2026,YES=H6 IS,31100
ZYDUSLIF,ZYDUSLIF,ZYDUSLIF IS Equity,ZYDUSLIF IB Equity,ZYDUSLIF IN Equity,27/01/2026,ZYDUS=F6 IS,900,24/02/2026,ZYDUS=G6 IS,900,31/03/2026,ZYDUS=H6 IS,900
