Display Name,Account Code,Account Name,Name,Security Description,Position,Underlying Equivalent Position,A:Market Value Local,Price,Expiration Date,Issuer,Is Closed
ABCAP=F6 IS,ARBITRAG,209- ARBITRAGE FUND,ADITYA BIRLA CAP Jan26,ABCAP=F6,-850,-2635000,-955187500,362.5,01/27/2026,Aditya Birla Capital Ltd,0
ACEM=F6 IS,ARBITRAG,209- ARBITRAGE FUND,AMBUJA CEMENTS Jan26,ACEM=F6,-428,-449400,-253731240,564.6,01/27/2026,Ambuja Cements Ltd,0
ADANE=F6 IS,ARBITRAG,209- ARBITRAGE FUND,ADANI ENERGY SOL Jan26,ADANE=F6,-7,-4725,-4891792.5,1035.3,01/27/2026,Adani Energy Solutions Ltd,0
ADE=F6 IS,ARBITRAG,209- ARBITRAGE FUND,Adani Enterprises Jan26,ADE=F6,-230,-71070,-162330987,2284.1,01/27/2026,Adani Enterprises Ltd,0
ADSEZ=F6 IS,ARBITRAG,209- ARBITRAGE FUND,Adani Ports Jan26,ADSEZ=F6,-57,-27075,-39859815,1472.2,01/27/2026,Adani Ports & Special Economic,0
ALKEM=F6 IS,ARBITRAG,209- ARBITRAGE FUND,ALKEM LABORATORIES Jan26,ALKEM=F6,-49,-6125,-35675062.5,5824.5,01/27/2026,Alkem Laboratories Ltd,0
APAT=F6 IS,ARBITRAG,209- ARBITRAGE FUND,APL APOLLO TUBES Jan26,APAT=F6,-553,-193550,-378874125,1957.5,01/27/2026,APL Apollo Tubes Ltd,0
APHS=F6 IS,ARBITRAG,209- ARBITRAGE FUND,Apollo Hosp Jan26,APHS=F6,-195,-24375,-182178750,7474,01/27/2026,Apollo Hospitals Enterprise Lt,0
ARBP=F6 IS,ARBITRAG,209- ARBITRAGE FUND,Aurobindo Pharma Jan26,ARBP=F6,-1904,-1047200,-1300203520,1241.6,01/27/2026,Aurobindo Pharma Ltd,0
AUBAN=F6 IS,ARBITRAG,209- ARBITRAGE FUND,AU Small Fin Bank Jan26,AUBAN=F6,-118,-118000,-118932200,1007.9,01/27/2026,AU Small Finance Bank Ltd,0
AXSB=F6 IS,ARBITRAG,209- ARBITRAGE FUND,Axis Bank Jan26,AXSB=F6,-2394,-1496250,-1941833250,1297.8,01/27/2026,Axis Bank Ltd,0
BAF=F6 IS,ARBITRAG,209- ARBITRAGE FUND,Bajaj Finance Ltd Jan26,BAF=F6,-1410,-1057500,-1029370500,973.4,01/27/2026,Bajaj Finance Ltd,0
BANDH=F6 IS,ARBITRAG,209- ARBITRAGE FUND,Bandhan Bank Ltd Jan26,BANDH=F6,-1211,-4359600,-646833852,148.37,01/27/2026,Bandhan Bank Ltd,0
BDL=F6 IS,ARBITRAG,209- ARBITRAGE FUND,Bharat Dynamics LT Jan26,BDL=F6,-84,-29400,-45352440,1542.6,01/27/2026,Bharat Dynamics Ltd,0
BHART=F6 IS,ARBITRAG,209- ARBITRAGE FUND,Bharti Airtel Jan26,BHART=F6,-1047,-497325,-1040155238,2091.5,01/27/2026,Bharti Airtel Ltd,0
BHE=F6 IS,ARBITRAG,209- ARBITRAGE FUND,BHARAT ELECTRON Jan26,BHE=F6,-1294,-1843950,-770217915,417.7,01/27/2026,Bharat Electronics Ltd,0
BHEL=F6 IS,ARBITRAG,209- ARBITRAGE FUND,BHARAT HEAVY ELE Jan26,BHEL=F6,-301,-790125,-240790593.8,304.75,01/27/2026,Bharat Heavy Electricals Ltd,0
BHFC=F6 IS,ARBITRAG,209- ARBITRAGE FUND,Bharat Forge Ltd Jan26,BHFC=F6,-211,-105500,-157036750,1488.5,01/27/2026,Bharat Forge Ltd,0
BIOS=F6 IS,ARBITRAG,209- ARBITRAGE FUND,Biocon Ltd Jan26,BIOS=F6,-406,-1015000,-394784250,388.95,01/27/2026,Biocon Ltd,0
BJAUT=F6 IS,ARBITRAG,209- ARBITRAGE FUND,Bajaj Auto Jan26,BJAUT=F6,-77,-5775,-56609437.5,9802.5,01/27/2026,Bajaj Auto Ltd,0
BJFIN=F6 IS,ARBITRAG,209- ARBITRAGE FUND,BAJAJ FINSERV LT Jan26,BJFIN=F6,-493,-123250,-250961650,2036.2,01/27/2026,Bajaj Finserv Ltd,0
BOB=F6 IS,ARBITRAG,209- ARBITRAGE FUND,Bank of Baroda Jan26,BOB=F6,-1320,-3861000,-1192469850,308.85,01/27/2026,Bank of Baroda,0
BOI=F6 IS,ARBITRAG,209- ARBITRAGE FUND,Bank of India Jan26,BOI=F6,-112,-582400,-88548096,152.04,01/27/2026,Bank of India,0
BOS=F6 IS,ARBITRAG,209- ARBITRAGE FUND,BOSCH Jan26,BOS=F6,-69,-1725,-67861500,39340,01/27/2026,Bosch Ltd,0
BPCL=F6 IS,ARBITRAG,209- ARBITRAGE FUND,Bharat Petroleum Jan26,BPCL=F6,-25,-49375,-18219375,369,01/27/2026,Bharat Petroleum Corp Ltd,0
BRIT=F6 IS,ARBITRAG,209- ARBITRAGE FUND,Britannia Ind Ltd Jan26,BRIT=F6,-249,-31125,-192943875,6199,01/27/2026,Britannia Industries Ltd,0
BSE=F6 IS,ARBITRAG,209- ARBITRAGE FUND,BSE LTD Jan26,BSE=F6,-227,-85125,-234715162.5,2757.3,01/27/2026,BSE Ltd,0
CAMS=F6 IS,ARBITRAG,209- ARBITRAGE FUND,COMPUTER AGE MAN Jan26,CAMS=F6,-32,-24000,-18190800,757.95,01/27/2026,Computer Age Management Servic,0
CCRI=F6 IS,ARBITRAG,209- ARBITRAGE FUND,CONTAINER CORP Jan26,CCRI=F6,-1150,-1437500,-767696875,534.05,01/27/2026,Container Corp Of India Ltd,0
CDSL=F6 IS,ARBITRAG,209- ARBITRAGE FUND,CENTRAL DEPOSITO Jan26,CDSL=F6,-135,-64125,-95084550,1482.8,01/27/2026,Central Depository Services In,0
CGPOW=F6 IS,ARBITRAG,209- ARBITRAGE FUND,CG POWER AND IND Jan26,CGPOW=F6,-44,-37400,-23885510,638.65,01/27/2026,CG Power & Industrial Solution,0
CIFC=F6 IS,ARBITRAG,209- ARBITRAGE FUND,CHOLAMANDALAM IN Jan26,CIFC=F6,-13,-8125,-14581937.5,1794.7,01/27/2026,Cholamandalam Investment and F,0
CIPLA=F6 IS,ARBITRAG,209- ARBITRAGE FUND,Cipla Limited Jan26,CIPLA=F6,-125,-46875,-68981250,1471.6,01/27/2026,Cipla Ltd/India,0
CLGT=F6 IS,ARBITRAG,209- ARBITRAGE FUND,Colgate-Palmolive Jan26,CLGT=F6,-86,-19350,-40273155,2081.3,01/27/2026,Colgate-Palmolive India Ltd,0
COFOR=F6 IS,ARBITRAG,209- ARBITRAGE FUND,COFORGE LIMITED Jan26,COFOR=F6,-260,-97500,-166159500,1704.2,01/27/2026,Coforge Ltd,0
CROMP=F6 IS,ARBITRAG,209- ARBITRAGE FUND,CROMPTON GREAVES Jan26,CROMP=F6,-1628,-2930400,-773918640,264.1,01/27/2026,Crompton Greaves Consumer Elec,0
DABUR=F6 IS,ARBITRAG,209- ARBITRAGE FUND,Dabur India Ltd Jan26,DABUR=F6,-3,-3750,-1962750,523.4,01/27/2026,Dabur India Ltd,0
DALBH=F6 IS,ARBITRAG,209- ARBITRAGE FUND,DALMIA BHARAT Jan26,DALBH=F6,-160,-52000,-110843200,2131.6,01/27/2026,Dalmia Bharat Ltd,0
DELHV=F6 IS,ARBITRAG,209- ARBITRAGE FUND,DELHIVERY LTD Jan26,DELHV=F6,-127,-263525,-111840010,424.4,01/27/2026,Delhivery Ltd,0
DIVI=F6 IS,ARBITRAG,209- ARBITRAGE FUND,Divi's Lab Ltd Jan26,DIVI=F6,-1468,-146800,-977321000,6657.5,01/27/2026,Divi's Laboratories Ltd,0
DIXON=F6 IS,ARBITRAG,209- ARBITRAGE FUND,DIXON TECHNOLOGI Jan26,DIXON=F6,-606,-30300,-358358100,11827,01/27/2026,Dixon Technologies India Ltd,0
DLFU=F6 IS,ARBITRAG,209- ARBITRAGE FUND,DLF Ltd Jan26,DLFU=F6,-2145,-1769625,-1250151581,706.45,01/27/2026,DLF Ltd,0
DMART=F6 IS,ARBITRAG,209- ARBITRAGE FUND,AVENUE SUPERMART Jan26,DMART=F6,-9,-1350,-5207895,3857.7,01/27/2026,Avenue Supermarts Ltd,0
EIM=F6 IS,ARBITRAG,209- ARBITRAGE FUND,Eicher Motors Jan26,EIM=F6,-11,-1100,-8378700,7617,01/27/2026,Eicher Motors Ltd,0
ETERN=F6 IS,ARBITRAG,209- ARBITRAGE FUND,ETERNAL LTD Jan26,ETERN=F6,-4811,-11666675,-3294669020,282.4,01/27/2026,Eternal Ltd,0
EXID=F6 IS,ARBITRAG,209- ARBITRAGE FUND,EXIDE Industries Jan26,EXID=F6,-553,-995400,-358692390,360.35,01/27/2026,Exide Industries Ltd,0
FB=F6 IS,ARBITRAG,209- ARBITRAGE FUND,Federal Bank Ltd Jan26,FB=F6,-7,-35000,-9061500,258.9,01/27/2026,Federal Bank Ltd,0
FORH=F6 IS,ARBITRAG,209- ARBITRAGE FUND,FORTIS HEALTHCAR Jan26,FORH=F6,-103,-79825,-75243045,942.6,01/27/2026,Fortis Healthcare Ltd,0
GAIL=F6 IS,ARBITRAG,209- ARBITRAGE FUND,Gail India Ltd Jan26,GAIL=F6,-1,-3150,-532507.5,169.05,01/27/2026,GAIL India Ltd,0
GCPL=F6 IS,ARBITRAG,209- ARBITRAGE FUND,GODREJ CONSUMER Jan26,GCPL=F6,-159,-79500,-99422700,1250.6,01/27/2026,Godrej Consumer Products Ltd,0
GMRAI=F6 IS,ARBITRAG,209- ARBITRAGE FUND,GMR AIRPORTS LTD Jan26,GMRAI=F6,-689,-4805775,-504750548.3,105.03,01/27/2026,GMR Airports Ltd,0
GNP=F6 IS,ARBITRAG,209- ARBITRAGE FUND,Glenmark Pharma Jan26,GNP=F6,-943,-353625,-750569062.5,2122.5,01/27/2026,Glenmark Pharmaceuticals Ltd,0
GPL=F6 IS,ARBITRAG,209- ARBITRAGE FUND,GODREJ PROPERTIES Jan26,GPL=F6,-538,-147950,-317900165,2148.7,01/27/2026,Godrej Properties Ltd,0
GRASI=F6 IS,ARBITRAG,209- ARBITRAGE FUND,Grasim Industries Jan26,GRASI=F6,-1198,-299500,-853155700,2848.6,01/27/2026,Grasim Industries Ltd,0
HAMC=F6 IS,ARBITRAG,209- ARBITRAGE FUND,HDFC ASSET MGMT Jan26,HAMC=F6,-335,-100500,-264948150,2636.3,01/27/2026,HDFC Asset Management Co Ltd,0
HAVL=F6 IS,ARBITRAG,209- ARBITRAGE FUND,HAVELLS INDIA Jan26,HAVL=F6,-315,-157500,-236187000,1499.6,01/27/2026,Havells India Ltd,0
HDFCB=F6 IS,ARBITRAG,209- ARBITRAGE FUND,HDFC Bank Limited Jan26,HDFCB=F6,-8930,-4911500,-4678449325,952.55,01/27/2026,HDFC Bank Ltd,0
HDFCL=F6 IS,ARBITRAG,209- ARBITRAGE FUND,HDFC LIFE INSURA Jan26,HDFCL=F6,-146,-160600,-124521210,775.35,01/27/2026,HDFC Life Insurance Co Ltd,0
HMCL=F6 IS,ARBITRAG,209- ARBITRAGE FUND,Hero Motocorp Ltd Jan26,HMCL=F6,-145,-21750,-130695750,6009,01/27/2026,Hero MotoCorp Ltd,0
HNAL=F6 IS,ARBITRAG,209- ARBITRAGE FUND,HINDUSTAN AERONA Jan26,HNAL=F6,-1534,-230100,-1043526510,4535.1,01/27/2026,Hindustan Aeronautics Ltd,0
HNDL=F6 IS,ARBITRAG,209- ARBITRAGE FUND,Hindalco Industry Jan26,HNDL=F6,-617,-431900,-406072380,940.2,01/27/2026,Hindalco Industries Ltd,0
HPCL=F6 IS,ARBITRAG,209- ARBITRAGE FUND,Hindustan Petrolm Jan26,HPCL=F6,-141,-285525,-136538055,478.2,01/27/2026,Hindustan Petroleum Corp Ltd,0
HUDCO=F6 IS,ARBITRAG,209- ARBITRAGE FUND,HOUSING & URBAN Jan26,HUDCO=F6,-30,-83250,-18969345,227.86,01/27/2026,Housing & Urban Development Co,0
HUVR=F6 IS,ARBITRAG,209- ARBITRAGE FUND,HINDUSTAN UNILEV Jan26,HUVR=F6,-75,-22500,-53964000,2398.4,01/27/2026,Hindustan Unilever Ltd,0
HZ=F6 IS,ARBITRAG,209- ARBITRAGE FUND,Hindustan Zinc Ltd Jan26,HZ=F6,-81,-99225,-62630820,631.2,01/27/2026,Hindustan Zinc Ltd,0
ICICI=F6 IS,ARBITRAG,209- ARBITRAGE FUND,ICICI Bank Jan26,ICICI=F6,-5290,-3703000,-5297882100,1430.7,01/27/2026,ICICI Bank Ltd,0
IDEA=F6 IS,ARBITRAG,209- ARBITRAGE FUND,VODAFONE IDEA LT Jan26,IDEA=F6,-1914,-136803150,-1575972288,11.52,01/27/2026,Vodafone Idea Ltd,0
IDFCF=F6 IS,ARBITRAG,209- ARBITRAGE FUND,IDFC First Bank Jan26,IDFCF=F6,-484,-4489100,-380630789,84.79,01/27/2026,IDFC First Bank Ltd,0
IEX=F6 IS,ARBITRAG,209- ARBITRAGE FUND,INDIAN ENERGY EX Jan26,IEX=F6,-2,-7500,-1165050,155.34,01/27/2026,Indian Energy Exchange Ltd,0
IH=F6 IS,ARBITRAG,209- ARBITRAGE FUND,INDIAN HOTELS LTD Jan26,IH=F6,-866,-866000,-621051900,717.15,01/27/2026,Indian Hotels Co Ltd/The,0
IIB=F6 IS,ARBITRAG,209- ARBITRAGE FUND,INDUSIND BANK Jan26,IIB=F6,-776,-543200,-489042960,900.3,01/27/2026,IndusInd Bank Ltd,0
IIFL=F6 IS,ARBITRAG,209- ARBITRAGE FUND,IIFL FINANCE LTD Jan26,IIFL=F6,-109,-179850,-118781932.5,660.45,01/27/2026,IIFL Finance Ltd,0
INDIG=F6 IS,ARBITRAG,209- ARBITRAGE FUND,INTERGLOBE AVIAT Jan26,INDIG=F6,-706,-105900,-526905450,4975.5,01/27/2026,InterGlobe Aviation Ltd,0
INDUS=F6 IS,ARBITRAG,209- ARBITRAGE FUND,INDUS TOWERS LTD Jan26,INDUS=F6,-1774,-3015800,-1297698740,430.3,01/27/2026,Indus Towers Ltd,0
INFO=F6 IS,ARBITRAG,209- ARBITRAGE FUND,Infosys Ltd Jan26,INFO=F6,-90,-36000,-59205600,1644.6,01/27/2026,Infosys Ltd,0
INXW=F6 IS,ARBITRAG,209- ARBITRAGE FUND,INOX WIND LTD Jan26,INXW=F6,-1005,-3592875,-442749986.3,123.23,01/27/2026,Inox Wind Ltd,0
IOCL=F6 IS,ARBITRAG,209- ARBITRAGE FUND,Indian Oil Corp Jan26,IOCL=F6,-56,-273000,-44583630,163.31,01/27/2026,Indian Oil Corp Ltd,0
IPRU=F6 IS,ARBITRAG,209- ARBITRAGE FUND,ICICI PRUDENTIAL Jan26,IPRU=F6,-469,-433825,-297669023.8,686.15,01/27/2026,ICICI Prudential Life Insuranc,0
ITC=F6 IS,ARBITRAG,209- ARBITRAGE FUND,ITC Limited Jan26,ITC=F6,-4515,-7224000,-2477109600,342.9,01/27/2026,ITC Ltd,0
JINDA=F6 IS,ARBITRAG,209- ARBITRAGE FUND,JINDAL STEEL & P Jan26,JINDA=F6,-195,-121875,-131295937.5,1077.3,01/27/2026,Jindal Steel Ltd,0
JIOFI=F6 IS,ARBITRAG,209- ARBITRAGE FUND,JIO FINANCIAL SE Jan26,JIOFI=F6,-1346,-3163100,-965061810,305.1,01/27/2026,Jio Financial Services Ltd,0
JSTL=F6 IS,ARBITRAG,209- ARBITRAGE FUND,JSW Steel Limited Jan26,JSTL=F6,-1712,-1155600,-1377937440,1192.4,01/27/2026,JSW Steel Ltd,0
JSW=F6 IS,ARBITRAG,209- ARBITRAGE FUND,JSW ENERGY LTD Jan26,JSW=F6,-1668,-1668000,-856684800,513.6,01/27/2026,JSW Energy Ltd,0
JUBI=F6 IS,ARBITRAG,209- ARBITRAGE FUND,JUBILANT FOODWOR Jan26,JUBI=F6,-71,-88750,-47876187.5,539.45,01/27/2026,Jubilant Foodworks Ltd,0
KALYA=F6 IS,ARBITRAG,209- ARBITRAGE FUND,KALYAN JEWELLERS Jan26,KALYA=F6,-1117,-1312475,-686818167.5,523.3,01/27/2026,Kalyan Jewellers India Ltd,0
KAYNE=F6 IS,ARBITRAG,209- ARBITRAGE FUND,KAYNES TECHNOLOGY Jan26,KAYNE=F6,-9,-900,-3465720,3850.8,01/27/2026,Kaynes Technology India Ltd,0
KEII=F6 IS,ARBITRAG,209- ARBITRAGE FUND,KEI INDUS LTD Jan26,KEII=F6,-40,-7000,-31917200,4559.6,01/27/2026,KEI Industries Ltd,0
KKC=F6 IS,ARBITRAG,209- ARBITRAGE FUND,CUMMINS INDIA Jan26,KKC=F6,-9,-1800,-7500960,4167.2,01/27/2026,Cummins India Ltd,0
KMB=F6 IS,ARBITRAG,209- ARBITRAGE FUND,Kotak Mahindra Bk Jan26,KMB=F6,-2785,-1114000,-2394877200,2149.8,01/27/2026,Kotak Mahindra Bank Ltd,0
LAURU=F6 IS,ARBITRAG,209- ARBITRAGE FUND,LAURUS LABS LTD Jan26,LAURU=F6,-445,-378250,-429086800,1134.4,01/27/2026,Laurus Labs Ltd,0
LICHF=F6 IS,ARBITRAG,209- ARBITRAGE FUND,LIC Housing Fin Jan26,LICHF=F6,-1245,-1245000,-671802000,539.6,01/27/2026,LIC Housing Finance Ltd,0
LICI=F6 IS,ARBITRAG,209- ARBITRAGE FUND,LIC INSURANCE CO Jan26,LICI=F6,-342,-239400,-204375780,853.7,01/27/2026,Life Insurance Corp of India,0
LODHA=F6 IS,ARBITRAG,209- ARBITRAGE FUND,LODHA DEVELOPERS Jan26,LODHA=F6,-825,-371250,-413832375,1114.7,01/27/2026,Lodha Developers Ltd,0
LPC=F6 IS,ARBITRAG,209- ARBITRAGE FUND,Lupin Ltd Jan26,LPC=F6,-230,-97750,-217386225,2223.9,01/27/2026,Lupin Ltd,0
LT=F6 IS,ARBITRAG,209- ARBITRAGE FUND,Larsen & Toubro Jan26,LT=F6,-535,-93625,-389882587.5,4164.3,01/27/2026,Larsen & Toubro Ltd,0
LTIM=F6 IS,ARBITRAG,209- ARBITRAGE FUND,LTIMindtree LTD Jan26,LTIM=F6,-420,-63000,-386379000,6133,01/27/2026,LTIMindtree Ltd,0
MAXF=F6 IS,ARBITRAG,209- ARBITRAGE FUND,MAX FINANCIAL SE Jan26,MAXF=F6,-661,-264400,-458786880,1735.2,01/27/2026,Max Financial Services Ltd,0
MAXHE=F6 IS,ARBITRAG,209- ARBITRAGE FUND,MAX HEALTHCARE I Jan26,MAXHE=F6,-828,-434700,-451305540,1038.2,01/27/2026,Max Healthcare Institute Ltd,0
MAZDO=F6 IS,ARBITRAG,209- ARBITRAGE FUND,MAZAGON DOCK SHIPB Jan26,MAZDO=F6,-419,-83800,-211427400,2523,01/27/2026,Mazagon Dock Shipbuilders Ltd,0
MGFL=F6 IS,ARBITRAG,209- ARBITRAGE FUND,MANAPPURAM FINAN Jan26,MGFL=F6,-390,-1170000,-375043500,320.55,01/27/2026,Manappuram Finance Ltd,0
MM=F6 IS,ARBITRAG,209- ARBITRAGE FUND,MAHINDRA & MAHIN Jan26,MM=F6,-1326,-265200,-996754200,3758.5,01/27/2026,Mahindra & Mahindra Ltd,0
MOTHE=F6 IS,ARBITRAG,209- ARBITRAGE FUND,SAMVARDHANA M. Jan26,MOTHE=F6,-744,-4575600,-548248392,119.82,01/27/2026,Samvardhana Motherson Internat,0
MPHL=F6 IS,ARBITRAG,209- ARBITRAGE FUND,MPHASIS LTD Jan26,MPHL=F6,-165,-45375,-130979475,2886.6,01/27/2026,Mphasis Ltd,0
MRCO=F6 IS,ARBITRAG,209- ARBITRAGE FUND,MARICO LTD Jan26,MRCO=F6,-920,-1104000,-855765600,775.15,01/27/2026,Marico Ltd,0
MSIL=F6 IS,ARBITRAG,209- ARBITRAGE FUND,Maruti Suzuki Jan26,MSIL=F6,-135,-6750,-113906250,16875,01/27/2026,Maruti Suzuki India Ltd,0
MUTH=F6 IS,ARBITRAG,209- ARBITRAGE FUND,MUTHOOT FINANCE Jan26,MUTH=F6,-43,-11825,-46981907.5,3973.1,01/27/2026,Muthoot Finance Ltd,0
NACL=F6 IS,ARBITRAG,209- ARBITRAGE FUND,NATIONAL ALUMIN Jan26,NACL=F6,-34,-127500,-44854500,351.8,01/27/2026,National Aluminium Co Ltd,0
NBCC=F6 IS,ARBITRAG,209- ARBITRAGE FUND,NBCC INDIA LTD Jan26,NBCC=F6,-382,-2483000,-288822560,116.32,01/27/2026,NBCC India Ltd,0
NEST=F6 IS,ARBITRAG,209- ARBITRAGE FUND,NESTLE INDIA LTD Jan26,NEST=F6,-363,-181500,-239561850,1319.9,01/27/2026,Nestle India Ltd,0
NHPC=F6 IS,ARBITRAG,209- ARBITRAGE FUND,NHPC Limited Jan26,NHPC=F6,-9,-57600,-4825152,83.77,01/27/2026,NHPC Ltd,0
NMDC=F6 IS,ARBITRAG,209- ARBITRAGE FUND,NMDC Limited Jan26,NMDC=F6,-741,-5001750,-432701392.5,86.51,01/27/2026,NMDC Ltd,0
NTPC=F6 IS,ARBITRAG,209- ARBITRAGE FUND,NTPC Limited Jan26,NTPC=F6,-162,-243000,-84964950,349.65,01/27/2026,NTPC Ltd,0
NUVAM=F6 IS,ARBITRAG,209- ARBITRAGE FUND,NUVAMA WEALTH MA Jan26,NUVAM=F6,-48,-24000,-35688000,1487,01/27/2026,Nuvama Wealth Management Ltd,0
OFSS=F6 IS,ARBITRAG,209- ARBITRAGE FUND,Oracle Financial Jan26,OFSS=F6,-56,-4200,-33058200,7871,01/27/2026,Oracle Financial Services Soft,0
OINL=F6 IS,ARBITRAG,209- ARBITRAGE FUND,Oil India Ltd Jan26,OINL=F6,-16,-22400,-9378880,418.7,01/27/2026,Oil India Ltd,0
ONGC=F6 IS,ARBITRAG,209- ARBITRAGE FUND,OIL & NATURAL GA Jan26,ONGC=F6,-158,-355500,-85163580,239.56,01/27/2026,Oil & Natural Gas Corp Ltd,0
PATAN=F6 IS,ARBITRAG,209- ARBITRAGE FUND,PATANJALI FOODS Jan26,PATAN=F6,-774,-696600,-403157250,578.75,01/27/2026,Patanjali Foods Ltd,0
PAYTM=F6 IS,ARBITRAG,209- ARBITRAGE FUND,ONE 97 COMMUNICA Jan26,PAYTM=F6,-662,-479950,-636125730,1325.4,01/27/2026,One 97 Communications Ltd,0
PEPL=F6 IS,ARBITRAG,209- ARBITRAGE FUND,PRESTIGE ESTATES Jan26,PEPL=F6,-138,-62100,-100837980,1623.8,01/27/2026,Prestige Estates Projects Ltd,0
PHNX=F6 IS,ARBITRAG,209- ARBITRAGE FUND,PHOENIX MILLS LTD Jan26,PHNX=F6,-66,-23100,-44959530,1946.3,01/27/2026,Phoenix Mills Ltd/The,0
PIDI=F6 IS,ARBITRAG,209- ARBITRAGE FUND,PIDILITE INDS Jan26,PIDI=F6,-291,-145500,-220883550,1518.1,01/27/2026,Pidilite Industries Ltd,0
PIRPH=F6 IS,ARBITRAG,209- ARBITRAGE FUND,PIRAMAL PHARMA LTD Jan26,PIRPH=F6,-3,-7875,-1431832.5,181.82,01/27/2026,Piramal Pharma Ltd,0
PLNG=F6 IS,ARBITRAG,209- ARBITRAGE FUND,Petronet LNG Ltd Jan26,PLNG=F6,-180,-342000,-100804500,294.75,01/27/2026,Petronet LNG Ltd,0
PNB=F6 IS,ARBITRAG,209- ARBITRAGE FUND,Punjab Natl Bank Jan26,PNB=F6,-783,-6264000,-789451920,126.03,01/27/2026,Punjab National Bank,0
PNBHO=F6 IS,ARBITRAG,209- ARBITRAGE FUND,PNB HOUSING FIN Jan26,PNBHO=F6,-984,-639600,-643757400,1006.5,01/27/2026,PNB Housing Finance Ltd,0
POLIC=F6 IS,ARBITRAG,209- ARBITRAGE FUND,PB FINTECH LTD Jan26,POLIC=F6,-521,-182350,-314809040,1726.4,01/27/2026,PB Fintech Ltd,0
POLYC=F6 IS,ARBITRAG,209- ARBITRAGE FUND,POLYCAB INDIA LTD Jan26,POLYC=F6,-593,-74125,-588293062.5,7936.5,01/27/2026,Polycab India Ltd,0
POWF=F6 IS,ARBITRAG,209- ARBITRAGE FUND,POWER FINANCE Jan26,POWF=F6,-956,-1242800,-470648360,378.7,01/27/2026,Power Finance Corp Ltd,0
PSYS=F6 IS,ARBITRAG,209- ARBITRAGE FUND,PERSISTENT SYS Jan26,PSYS=F6,-206,-20600,-134703400,6539,01/27/2026,Persistent Systems Ltd,0
PWGR=F6 IS,ARBITRAG,209- ARBITRAGE FUND,Power Grid Corp Jan26,PWGR=F6,-340,-646000,-171448400,265.4,01/27/2026,Power Grid Corp of India Ltd,0
RBK=F6 IS,ARBITRAG,209- ARBITRAGE FUND,RBL BANK LTD Jan26,RBK=F6,-757,-2403475,-767429567.5,319.3,01/27/2026,RBL Bank Ltd,0
RECL=F6 IS,ARBITRAG,209- ARBITRAGE FUND,Rural Electri Jan26,RECL=F6,-718,-1005200,-387454340,385.45,01/27/2026,REC Ltd,0
RIL=F6 IS,ARBITRAG,209- ARBITRAGE FUND,Reliance Industry Jan26,RIL=F6,-4375,-2187500,-3306406250,1511.5,01/27/2026,Reliance Industries Ltd,0
SAIL=F6 IS,ARBITRAG,209- ARBITRAGE FUND,Steel Authority Jan26,SAIL=F6,-1015,-4770500,-718485005,150.61,01/27/2026,Steel Authority of India Ltd,0
SAMMA=F6 IS,ARBITRAG,209- ARBITRAGE FUND,SAMMAAN CAPITAL LT Jan26,SAMMA=F6,-559,-2403700,-362333738,150.74,01/27/2026,Sammaan Capital Ltd,0
SBILI=F6 IS,ARBITRAG,209- ARBITRAGE FUND,SBI LIFE INSURAN Jan26,SBILI=F6,-14,-5250,-10915800,2079.2,01/27/2026,SBI Life Insurance Co Ltd,0
SBIN=F6 IS,ARBITRAG,209- ARBITRAGE FUND,State Bank India Jan26,SBIN=F6,-2460,-1845000,-1862066250,1009.25,01/27/2026,State Bank of India,0
SHFL=F6 IS,ARBITRAG,209- ARBITRAGE FUND,Shriram Finance Jan26,SHFL=F6,-873,-720225,-720801180,1000.8,01/27/2026,Shriram Finance Ltd,0
SIEM=F6 IS,ARBITRAG,209- ARBITRAGE FUND,Siemens India Ltd Jan26,SIEM=F6,-17,-2975,-9335252.5,3137.9,01/27/2026,Siemens Ltd,0
SOIL=F6 IS,ARBITRAG,209- ARBITRAGE FUND,SOLAR INDUSTRIES Jan26,SOIL=F6,-1099,-54950,-735835450,13391,01/27/2026,Solar Industries India Ltd,0
SONAC=F6 IS,ARBITRAG,209- ARBITRAGE FUND,SONA BLW PRECISI Jan26,SONAC=F6,-306,-374850,-178072492.5,475.05,01/27/2026,Sona Blw Precision Forgings Lt,0
SRF=F6 IS,ARBITRAG,209- ARBITRAGE FUND,SRF Ltd Jan26,SRF=F6,-241,-48200,-149632080,3104.4,01/27/2026,SRF Ltd,0
SUEL=F6 IS,ARBITRAG,209- ARBITRAGE FUND,SUZLON ENERGY Jan26,SUEL=F6,-311,-2806775,-149236226.8,53.17,01/27/2026,Suzlon Energy Ltd,0
SUNP=F6 IS,ARBITRAG,209- ARBITRAGE FUND,Sun Pharma Ind. Jan26,SUNP=F6,-268,-93800,-167498660,1785.7,01/27/2026,Sun Pharmaceutical Industries,0
SYNG=F6 IS,ARBITRAG,209- ARBITRAGE FUND,SYNGENE INTNL LTD Jan26,SYNG=F6,-307,-307000,-202067400,658.2,01/27/2026,Syngene International Ltd,0
TATA=F6 IS,ARBITRAG,209- ARBITRAGE FUND,TATA STEEL LTD Jan26,TATA=F6,-1133,-6231500,-1149524805,184.47,01/27/2026,Tata Steel Ltd,0
TATAC=F6 IS,ARBITRAG,209- ARBITRAGE FUND,Tata Cons Prod Jan26,TATAC=F6,-528,-290400,-353242560,1216.4,01/27/2026,Tata Consumer Products Ltd,0
TATAT=F6 IS,ARBITRAG,209- ARBITRAGE FUND,TATATECH Jan26,TATAT=F6,-104,-83200,-57162560,687.05,01/27/2026,Tata Technologies Ltd,0
TCS=F6 IS,ARBITRAG,209- ARBITRAGE FUND,Tata Consultancy Jan26,TCS=F6,-2094,-366450,-1204484505,3286.9,01/27/2026,Tata Consultancy Services Ltd,0
TECHM=F6 IS,ARBITRAG,209- ARBITRAGE FUND,Tech Mahindra Jan26,TECHM=F6,-366,-219600,-358387200,1632,01/27/2026,Tech Mahindra Ltd,0
TELX=F6 IS,ARBITRAG,209- ARBITRAGE FUND,TATA ELXSI LTD Jan26,TELX=F6,-588,-58800,-345597000,5877.5,01/27/2026,Tata Elxsi Ltd,0
TIIND=F6 IS,ARBITRAG,209- ARBITRAGE FUND,TUBE INVESTMENTS Jan26,TIIND=F6,-406,-81200,-205679600,2533,01/27/2026,Tube Investments of India Ltd,0
TMPV=F6 IS,ARBITRAG,209- ARBITRAGE FUND,TATA MOTORS PASS Jan26,TMPV=F6,-625,-500000,-182100000,364.2,01/27/2026,Tata Motors Passenger Vehicles,0
TPW=F6 IS,ARBITRAG,209- ARBITRAGE FUND,TORRENT POWER LTD Jan26,TPW=F6,-64,-27200,-38012000,1397.5,01/27/2026,Torrent Power Ltd,0
TPWR=F6 IS,ARBITRAG,209- ARBITRAGE FUND,TATA POWER CO Jan26,TPWR=F6,-888,-1287600,-492571380,382.55,01/27/2026,Tata Power Co Ltd/The,0
TRENT=F6 IS,ARBITRAG,209- ARBITRAGE FUND,TRENT LIMITED Jan26,TRENT=F6,-907,-90700,-370010650,4079.5,01/27/2026,Trent Ltd,0
TTAN=F6 IS,ARBITRAG,209- ARBITRAGE FUND,Titan Industries Jan26,TTAN=F6,-1239,-216825,-930851407.5,4293.1,01/27/2026,Titan Co Ltd,0
TVSL=F6 IS,ARBITRAG,209- ARBITRAGE FUND,TVS MOTOR Jan26,TVSL=F6,-841,-147175,-567624540,3856.8,01/27/2026,TVS Motor Co Ltd,0
UNITD=F6 IS,ARBITRAG,209- ARBITRAGE FUND,UNITED SPIRITS Jan26,UNITD=F6,-589,-235600,-325316480,1380.8,01/27/2026,United Spirits Ltd,0
UNOMI=F6 IS,ARBITRAG,209- ARBITRAGE FUND,UNO Minda Limited Jan26,UNOMI=F6,-160,-88000,-116432800,1323.1,01/27/2026,UNO Minda Ltd,0
UPLL=F6 IS,ARBITRAG,209- ARBITRAGE FUND,UPL Ltd. Jan26,UPLL=F6,-510,-691050,-557539140,806.8,01/27/2026,UPL Ltd,0
UTCEM=F6 IS,ARBITRAG,209- ARBITRAGE FUND,Ultra Tech Cement Jan26,UTCEM=F6,-2301,-115050,-1404760500,12210,01/27/2026,UltraTech Cement Ltd,0
VBL=F6 IS,ARBITRAG,209- ARBITRAGE FUND,VARUN BEVERAGES Jan26,VBL=F6,-1136,-1278000,-653888700,511.65,01/27/2026,Varun Beverages Ltd,0
VEDL=F6 IS,ARBITRAG,209- ARBITRAGE FUND,Vedanta Jan26,VEDL=F6,-371,-426650,-265461630,622.2,01/27/2026,Vedanta Ltd,0
YES=F6 IS,ARBITRAG,209- ARBITRAGE FUND,Yes Bank Ltd Jan26,YES=F6,-1009,-31379900,-740879439,23.61,01/27/2026,Yes Bank Ltd,0
ZYDUS=F6 IS,ARBITRAG,209- ARBITRAGE FUND,ZYDUS LFSCI LTD Jan26,ZYDUS=F6,-155,-139500,-129672225,929.55,01/27/2026,Zydus Lifesciences Ltd,0
APAT=G6 IS,ARBITRAG,209- ARBITRAGE FUND,APL APOLLO TUBES Feb26,APAT=G6,-22,-7700,-15130500,1965,02/24/2026,APL Apollo Tubes Ltd,0
BAF=G6 IS,ARBITRAG,209- ARBITRAGE FUND,Bajaj Finance Ltd Feb26,BAF=G6,-10,-7500,-7342500,979,02/24/2026,Bajaj Finance Ltd,0
BHE=G6 IS,ARBITRAG,209- ARBITRAGE FUND,BHARAT ELECTRON Feb26,BHE=G6,-4,-5700,-2391720,419.6,02/24/2026,Bharat Electronics Ltd,0
BIOS=G6 IS,ARBITRAG,209- ARBITRAGE FUND,Biocon Ltd Feb26,BIOS=G6,-2,-5000,-1955500,391.1,02/24/2026,Biocon Ltd,0
BJFIN=G6 IS,ARBITRAG,209- ARBITRAGE FUND,BAJAJ FINSERV LT Feb26,BJFIN=G6,-3,-750,-1535175,2046.9,02/24/2026,Bajaj Finserv Ltd,0
BOB=G6 IS,ARBITRAG,209- ARBITRAGE FUND,Bank of Baroda Feb26,BOB=G6,-6,-17550,-5451030,310.6,02/24/2026,Bank of Baroda,0
BOI=G6 IS,ARBITRAG,209- ARBITRAGE FUND,Bank of India Feb26,BOI=G6,-6,-31200,-4768920,152.85,02/24/2026,Bank of India,0
BSE=G6 IS,ARBITRAG,209- ARBITRAGE FUND,BSE LTD Feb26,BSE=G6,-1,-375,-1039950,2773.2,02/24/2026,BSE Ltd,0
CGPOW=G6 IS,ARBITRAG,209- ARBITRAGE FUND,CG POWER AND IND Feb26,CGPOW=G6,-21,-17850,-11460592.5,642.05,02/24/2026,CG Power & Industrial Solution,0
DALBH=G6 IS,ARBITRAG,209- ARBITRAGE FUND,DALMIA BHARAT Feb26,DALBH=G6,-3,-975,-2090010,2143.6,02/24/2026,Dalmia Bharat Ltd,0
DIVI=G6 IS,ARBITRAG,209- ARBITRAGE FUND,Divi's Lab Ltd Feb26,DIVI=G6,-2,-200,-1338900,6694.5,02/24/2026,Divi's Laboratories Ltd,0
ETERN=G6 IS,ARBITRAG,209- ARBITRAGE FUND,ETERNAL LTD Feb26,ETERN=G6,-3,-7275,-2066100,284,02/24/2026,Eternal Ltd,0
EXID=G6 IS,ARBITRAG,209- ARBITRAGE FUND,EXIDE Industries Feb26,EXID=G6,-6,-10800,-3919320,362.9,02/24/2026,Exide Industries Ltd,0
GAIL=G6 IS,ARBITRAG,209- ARBITRAGE FUND,Gail India Ltd Feb26,GAIL=G6,-1,-3150,-535657.5,170.05,02/24/2026,GAIL India Ltd,0
GMRAI=G6 IS,ARBITRAG,209- ARBITRAGE FUND,GMR AIRPORTS LTD Feb26,GMRAI=G6,-19,-132525,-14003916.75,105.67,02/24/2026,GMR Airports Ltd,0
GNP=G6 IS,ARBITRAG,209- ARBITRAGE FUND,Glenmark Pharma Feb26,GNP=G6,-5,-1875,-4001437.5,2134.1,02/24/2026,Glenmark Pharmaceuticals Ltd,0
GRASI=G6 IS,ARBITRAG,209- ARBITRAGE FUND,Grasim Industries Feb26,GRASI=G6,-7,-1750,-5018475,2867.7,02/24/2026,Grasim Industries Ltd,0
INDUS=G6 IS,ARBITRAG,209- ARBITRAGE FUND,INDUS TOWERS LTD Feb26,INDUS=G6,-12,-20400,-8826060,432.65,02/24/2026,Indus Towers Ltd,0
JIOFI=G6 IS,ARBITRAG,209- ARBITRAGE FUND,JIO FINANCIAL SE Feb26,JIOFI=G6,-2,-4700,-1441960,306.8,02/24/2026,Jio Financial Services Ltd,0
KMB=G6 IS,ARBITRAG,209- ARBITRAGE FUND,Kotak Mahindra Bk Feb26,KMB=G6,-10,-4000,-8648800,2162.2,02/24/2026,Kotak Mahindra Bank Ltd,0
LAURU=G6 IS,ARBITRAG,209- ARBITRAGE FUND,LAURUS LABS LTD Feb26,LAURU=G6,-29,-24650,-28101000,1140,02/24/2026,Laurus Labs Ltd,0
LODHA=G6 IS,ARBITRAG,209- ARBITRAGE FUND,LODHA DEVELOPERS Feb26,LODHA=G6,-49,-22050,-24720255,1121.1,02/24/2026,Lodha Developers Ltd,0
MAXHE=G6 IS,ARBITRAG,209- ARBITRAGE FUND,MAX HEALTHCARE I Feb26,MAXHE=G6,-5,-2625,-2741812.5,1044.5,02/24/2026,Max Healthcare Institute Ltd,0
MM=G6 IS,ARBITRAG,209- ARBITRAGE FUND,MAHINDRA & MAHIN Feb26,MM=G6,-1,-200,-756300,3781.5,02/24/2026,Mahindra & Mahindra Ltd,0
MOTHE=G6 IS,ARBITRAG,209- ARBITRAGE FUND,SAMVARDHANA M. Feb26,MOTHE=G6,-5,-30750,-3704452.5,120.47,02/24/2026,Samvardhana Motherson Internat,0
MSIL=G6 IS,ARBITRAG,209- ARBITRAGE FUND,Maruti Suzuki Feb26,MSIL=G6,-11,-550,-9329650,16963,02/24/2026,Maruti Suzuki India Ltd,0
PAYTM=G6 IS,ARBITRAG,209- ARBITRAGE FUND,ONE 97 COMMUNICA Feb26,PAYTM=G6,-1,-725,-965410,1331.6,02/24/2026,One 97 Communications Ltd,0
POLIC=G6 IS,ARBITRAG,209- ARBITRAGE FUND,PB FINTECH LTD Feb26,POLIC=G6,-4,-1400,-2431380,1736.7,02/24/2026,PB Fintech Ltd,0
RBK=G6 IS,ARBITRAG,209- ARBITRAGE FUND,RBL BANK LTD Feb26,RBK=G6,-14,-44450,-14270672.5,321.05,02/24/2026,RBL Bank Ltd,0
RIL=G6 IS,ARBITRAG,209- ARBITRAGE FUND,Reliance Industry Feb26,RIL=G6,-7,-3500,-5320350,1520.1,02/24/2026,Reliance Industries Ltd,0
SBIN=G6 IS,ARBITRAG,209- ARBITRAGE FUND,State Bank India Feb26,SBIN=G6,-25,-18750,-19033125,1015.1,02/24/2026,State Bank of India,0
SUEL=G6 IS,ARBITRAG,209- ARBITRAGE FUND,SUZLON ENERGY Feb26,SUEL=G6,-13,-117325,-6273367.75,53.47,02/24/2026,Suzlon Energy Ltd,0
TATA=G6 IS,ARBITRAG,209- ARBITRAGE FUND,TATA STEEL LTD Feb26,TATA=G6,-2,-11000,-2040720,185.52,02/24/2026,Tata Steel Ltd,0
TATAC=G6 IS,ARBITRAG,209- ARBITRAGE FUND,Tata Cons Prod Feb26,TATAC=G6,-17,-9350,-11438790,1223.4,02/24/2026,Tata Consumer Products Ltd,0
TPWR=G6 IS,ARBITRAG,209- ARBITRAGE FUND,TATA POWER CO Feb26,TPWR=G6,-23,-33350,-12828077.5,384.65,02/24/2026,Tata Power Co Ltd/The,0
TRENT=G6 IS,ARBITRAG,209- ARBITRAGE FUND,TRENT LIMITED Feb26,TRENT=G6,-3,-300,-1230900,4103,02/24/2026,Trent Ltd,0
UNBK=G6 IS,ARBITRAG,209- ARBITRAGE FUND,Union Bank India Feb26,UNBK=G6,-11,-48675,-8168638.5,167.82,02/24/2026,Union Bank of India Ltd,0
YES=G6 IS,ARBITRAG,209- ARBITRAGE FUND,Yes Bank Ltd Feb26,YES=G6,-67,-2083700,-49446201,23.73,02/24/2026,Yes Bank Ltd,0
